duration,code,usperinst,instrpersec
2.940000,0,1.470000,680.272095
2.830000,0,1.415000,706.713806
2.779000,0,1.389500,719.683350
2.579000,0,1.289500,775.494385
3.104000,0,1.552000,644.329895
4.803000,0,2.401500,416.406403
3.480000,0,1.740000,574.712646
3.630000,0,1.815000,550.964172
3.347000,0,1.673500,597.550049
1.862000,0,0.931000,1074.113892
2.288000,0,1.144000,874.125854
2.079000,0,1.039500,962.000977