duration,code,usperinst,instrpersec
1.695000,0,0.847500,1179.941040
1.637000,0,0.818500,1221.747070
1.791000,0,0.895500,1116.694580
1.829000,0,0.914500,1093.493652
2.022000,0,1.011000,989.119690
5.309000,0,2.654500,376.718781
2.483000,0,1.241500,805.477234
2.387000,0,1.193500,837.871826
2.406000,0,1.203000,831.255188
1.407000,0,0.703500,1421.464111
1.521000,0,0.760500,1314.924438
1.483000,0,0.741500,1348.617676